{
  "4": [
    [
      591.9796752929688,
      207.8040008544922,
      653.8712768554688,
      299.3041076660156
    ],
    [
      293.51531982421875,
      184.25914001464844,
      360.8966064453125,
      280.70361328125
    ],
    [
      122.11104583740234,
      215.3790740966797,
      171.00296020507812,
      267.4244079589844
    ],
    [
      117.01761627197266,
      195.64625549316406,
      171.47230529785156,
      268.41455078125
    ]
  ],
  "10": [
    [
      596.3668212890625,
      210.61557006835938,
      663.9833984375,
      310.2780456542969
    ],
    [
      271.21875,
      183.80377197265625,
      343.83905029296875,
      287.66351318359375
    ],
    [
      97.797607421875,
      197.83041381835938,
      154.544921875,
      276.0978088378906
    ]
  ],
  "32": [
    [
      506.85552978515625,
      120.11502075195312,
      738.4271850585938,
      452.7452087402344
    ],
    [
      1163.08349609375,
      140.1029815673828,
      1278.92529296875,
      388.59930419921875
    ]
  ]
}